,num,LOS,tmsec
0,02_3,A,315.8
1,02_3,B,254.4
2,02_3,C,67.2
3,02_4,A,310.8333333333334
4,02_4,B,439.9666666666666
5,02_4,C,78.30000000000001
