,num,LOS,tmsec
0,02_5,A,596.8
1,02_5,B,172.89999999999995
2,02_5,C,6.0
3,02_6,A,782.8
4,02_6,B,19.700000000000003
