,num,LOS,tmsec
0,01_1,A,9999.900000000001
1,02_1,A,9999.900000000001
2,03_1,A,9999.900000000001
3,04_1,A,16666.5
4,04_2,A,16666.5
